Domain,Status,Attractiveness,Demand,Length,Sectors,Created,Expires,Registrar
one.cheap,resell,132,44%,3,"Business,General,Media,Technology",07/01/2021 01:31,07/01/2026 01:31,Dynadot Inc
second.cheap,available,120,23%,6,"General,Mathematics",,,
tenth.cheap,available,116,7%,5,Mathematics,,,
flat.cheap,available,116,24%,4,"Construction,Real Estate",,,
zero.cheap,available,112,49%,4,Mathematics,,,
eight.cheap,available,102,23%,5,"General,Mathematics",,,
ninth.cheap,available,100,9%,5,Mathematics,,,
eighth.cheap,available,100,6%,6,Mathematics,,,
sixth.cheap,available,100,8%,5,Mathematics,,,
crack.cheap,available,100,20%,5,Sports,,,
third.cheap,available,100,16%,5,Mathematics,,,
twentieth.cheap,available,92,3%,9,Mathematics,,,
nought.cheap,available,92,4%,6,Mathematics,,,
leash.cheap,available,90,7%,5,"General,Health and Fitness,Retail",,,
twelve.cheap,available,88,18%,6,"General,Mathematics",,,
sixteen.cheap,available,88,11%,7,Mathematics,,,
three.cheap,available,88,24%,5,Mathematics,,,
fifteen.cheap,available,88,13%,7,Mathematics,,,
ace.cheap,available,88,34%,3,Sports,,,
eleven.cheap,available,88,33%,6,Mathematics,,,
hundred.cheap,available,88,14%,7,Mathematics,,,
xiv.cheap,available,86,12%,3,Mathematics,,,
cipher.cheap,available,86,29%,6,Mathematics,,,
xix.cheap,available,86,11%,3,Mathematics,,,
twentyone.cheap,available,84,13%,10,Mathematics,,,
thirteen.cheap,available,84,10%,8,Mathematics,,,
nineteen.cheap,available,84,8%,8,Mathematics,,,
seventeen.cheap,available,84,7%,9,Mathematics,,,
grand.cheap,available,84,25%,5,"Finance,General",,,
thousand.cheap,available,84,8%,8,Mathematics,,,
fourteen.cheap,available,84,8%,8,Mathematics,,,
twentytwo.cheap,available,84,11%,10,Mathematics,,,
decade.cheap,available,82,10%,6,Mathematics,,,
fivesome.cheap,available,82,1%,8,Sports,,,
dozen.cheap,available,82,10%,5,Mathematics,,,
two.cheap,available,80,24%,3,Mathematics,,,
nine.cheap,available,80,24%,4,"General,Mathematics",,,
yard.cheap,available,80,26%,4,"Construction,General",,,
trio.cheap,available,80,21%,4,Entertainment,,,
twenty.cheap,available,80,12%,6,Mathematics,,,
seventh.cheap,available,80,10%,7,Mathematics,,,
forty.cheap,available,80,9%,5,Mathematics,,,
first.cheap,available,80,36%,5,"General,Mathematics",,,
sixtynine.cheap,available,78,8%,10,Mathematics,,,
twentysix.cheap,available,78,8%,10,Mathematics,,,
thousandth.cheap,available,76,1%,10,Mathematics,,,
hundredth.cheap,available,76,1%,9,Mathematics,,,
firstrate.cheap,available,76,6%,10,Business,,,
fourteenth.cheap,available,76,1%,10,Mathematics,,,
eighteen.cheap,available,76,7%,8,Mathematics,,,
thirteenth.cheap,available,76,4%,10,Mathematics,,,
fifteenth.cheap,available,76,2%,9,Mathematics,,,
nineteenth.cheap,available,76,3%,10,Mathematics,,,
threed.cheap,available,76,7%,7,Technology,,,
single.cheap,available,74,19%,6,Sports,,,
seventieth.cheap,available,72,1%,10,Mathematics,,,
ternary.cheap,available,72,7%,7,Mathematics,,,
sixtieth.cheap,available,72,1%,8,Mathematics,,,
ninetieth.cheap,available,72,1%,9,Mathematics,,,
trey.cheap,available,72,14%,4,Sports,,,
eightieth.cheap,available,72,1%,9,Mathematics,,,
trinity.cheap,available,72,18%,7,Religion,,,
liv.cheap,available,72,27%,3,Mathematics,,,
tiptop.cheap,available,70,24%,6,Fashion,,,
unity.cheap,available,70,40%,5,Mathematics,,,
threesome.cheap,available,68,5%,9,Entertainment,,,
thirtieth.cheap,available,68,1%,9,Mathematics,,,
fiftieth.cheap,available,68,0%,8,Mathematics,,,
ennead.cheap,available,68,5%,6,Mathematics,,,
fortieth.cheap,available,68,0%,8,Mathematics,,,
sevener.cheap,available,68,1%,7,Mathematics,,,
septenary.cheap,available,68,1%,9,Mathematics,,,
foursome.cheap,available,68,4%,8,Sports,,,
octonary.cheap,available,68,1%,8,Mathematics,,,
ane.cheap,available,68,12%,3,Mathematics,,,
fifty.cheap,available,66,12%,5,Mathematics,,,
thirty.cheap,available,66,8%,6,Mathematics,,,
clv.cheap,available,66,10%,3,Mathematics,,,
century.cheap,available,66,17%,7,Education,,,
eighty.cheap,available,66,6%,6,Mathematics,,,
deuce.cheap,available,66,9%,5,Sports,,,
latest.cheap,available,66,18%,6,Technology,,,
xii.cheap,available,66,10%,3,Mathematics,,,
ninety.cheap,available,66,11%,6,Mathematics,,,
tenner.cheap,available,66,5%,6,Finance,,,
xviii.cheap,available,66,5%,5,Mathematics,,,
five.cheap,available,66,26%,4,Mathematics,,,
six.cheap,available,66,26%,3,Mathematics,,,
xxv.cheap,available,66,6%,3,Mathematics,,,
xiii.cheap,available,66,9%,4,Mathematics,,,
acappella.cheap,available,66,6%,10,Entertainment,,,
four.cheap,available,66,27%,4,Mathematics,,,
xxii.cheap,available,66,6%,4,Mathematics,,,
sextet.cheap,available,66,1%,6,Entertainment,,,
onec.cheap,available,66,6%,5,Mathematics,,,
xvi.cheap,available,66,5%,3,Mathematics,,,
xxvi.cheap,available,66,3%,4,Mathematics,,,
xvii.cheap,available,66,5%,4,Mathematics,,,
xxi.cheap,available,66,10%,3,Mathematics,,,
quartet.cheap,available,62,7%,7,"Arts,Entertainment",,,
troika.cheap,available,62,8%,6,Politics,,,
chiliad.cheap,available,62,2%,7,Mathematics,,,
eighteenth.cheap,available,62,1%,10,Mathematics,,,
twodozen.cheap,available,62,1%,9,Mathematics,,,
eleventh.cheap,available,62,5%,8,Mathematics,,,
longdozen.cheap,available,62,2%,10,Mathematics,,,
fortyfour.cheap,available,62,6%,10,Mathematics,,,
sixteenth.cheap,available,62,1%,9,Mathematics,,,
cxl.cheap,available,60,7%,3,Mathematics,,,
clx.cheap,available,60,10%,3,Mathematics,,,
sixty.cheap,available,60,13%,5,Mathematics,,,
eightysix.cheap,available,60,7%,10,Mathematics,,,
thou.cheap,available,60,7%,4,Mathematics,,,
xcl.cheap,available,60,5%,3,Mathematics,,,
cxv.cheap,available,60,4%,3,Mathematics,,,
cxxv.cheap,available,60,1%,4,Mathematics,,,
cxxx.cheap,available,60,4%,4,Mathematics,,,
tertiary.cheap,available,60,4%,8,Education,,,
cxxxv.cheap,available,60,2%,5,Mathematics,,,
cxlv.cheap,available,60,2%,4,Mathematics,,,
clxxv.cheap,available,60,1%,5,Mathematics,,,
clxxx.cheap,available,60,1%,5,Mathematics,,,
clxx.cheap,available,60,3%,4,Mathematics,,,
clxv.cheap,available,60,1%,4,Mathematics,,,
cxx.cheap,available,60,10%,3,Mathematics,,,
lxxx.cheap,available,58,2%,4,Mathematics,,,
hexad.cheap,available,58,4%,5,Mathematics,,,
sextuplet.cheap,available,58,1%,9,Healthcare,,,
sixer.cheap,available,58,5%,5,Sports,,,
alacarte.cheap,available,58,11%,10,Food and Beverage,,,
twelfth.cheap,available,58,2%,7,Mathematics,,,
eighter.cheap,available,58,2%,7,Mathematics,,,
octad.cheap,available,58,5%,5,Mathematics,,,
niner.cheap,available,58,5%,5,Mathematics,,,
fifth.cheap,available,58,12%,5,Mathematics,,,
super.cheap,resell,58,47%,5,Business,14/10/2017 08:07,14/10/2025 08:07,1API GmbH
seven.cheap,available,58,36%,5,Mathematics,,,
heptad.cheap,available,58,1%,6,Mathematics,,,
centesimal.cheap,available,58,1%,10,Mathematics,,,
seventy.cheap,available,58,7%,7,Mathematics,,,
sixtyone.cheap,available,58,3%,9,Mathematics,,,
cypher.cheap,available,58,29%,6,Mathematics,,,
pentad.cheap,available,58,2%,6,Mathematics,,,
fourth.cheap,available,58,13%,6,Mathematics,,,
tetrad.cheap,available,58,5%,6,Mathematics,,,
fourscore.cheap,available,58,4%,9,Mathematics,,,
xxxv.cheap,available,56,4%,4,Mathematics,,,
halfdozen.cheap,available,56,1%,10,Mathematics,,,
lviii.cheap,available,56,1%,5,Mathematics,,,
fortysix.cheap,available,56,3%,9,Mathematics,,,
xliii.cheap,available,56,1%,5,Mathematics,,,
thirtyone.cheap,available,56,5%,10,Mathematics,,,
aone.cheap,available,56,15%,5,Food and Beverage,,,
xxxii.cheap,available,56,1%,5,Mathematics,,,
xxvii.cheap,available,56,3%,5,Mathematics,,,
liii.cheap,available,56,4%,4,Mathematics,,,
xxxviii.cheap,available,56,1%,7,Mathematics,,,
xlviii.cheap,available,56,1%,6,Mathematics,,,
fiftytwo.cheap,available,56,6%,9,Mathematics,,,
fiftyfive.cheap,available,56,7%,10,Mathematics,,,
xxiii.cheap,available,56,5%,5,Mathematics,,,
xxxiv.cheap,available,56,1%,5,Mathematics,,,
xlii.cheap,available,56,5%,4,Mathematics,,,
lvi.cheap,available,56,8%,3,Mathematics,,,
xxviii.cheap,available,56,1%,6,Mathematics,,,
fiftynine.cheap,available,56,4%,10,Mathematics,,,
xlvi.cheap,available,56,3%,4,Mathematics,,,
xxxi.cheap,available,56,9%,4,Mathematics,,,
fortynine.cheap,available,56,3%,10,Mathematics,,,
xxxvii.cheap,available,56,2%,6,Mathematics,,,
fortytwo.cheap,available,56,17%,9,Mathematics,,,
xxxiii.cheap,available,56,2%,6,Mathematics,,,
thirtysix.cheap,available,56,5%,10,Mathematics,,,
xxxvi.cheap,available,56,1%,5,Mathematics,,,
xxix.cheap,available,56,4%,4,Mathematics,,,
xlvii.cheap,available,56,2%,5,Mathematics,,,
fiftyfour.cheap,available,56,3%,10,Mathematics,,,
xlv.cheap,available,56,6%,3,Mathematics,,,
ilx.cheap,available,56,5%,3,Mathematics,,,
xliv.cheap,available,56,2%,4,Mathematics,,,
lii.cheap,available,56,7%,3,Mathematics,,,
thirtytwo.cheap,available,56,5%,10,Mathematics,,,
fortyone.cheap,available,56,4%,9,Mathematics,,,
fiftyone.cheap,available,56,7%,9,Mathematics,,,
fiftysix.cheap,available,56,4%,9,Mathematics,,,
xli.cheap,available,56,5%,3,Mathematics,,,
lvii.cheap,available,56,1%,4,Mathematics,,,
xxiv.cheap,available,56,5%,4,Mathematics,,,
viii.cheap,available,54,6%,4,Mathematics,,,
fortyfive.cheap,available,54,4%,10,Mathematics,,,
threescore.cheap,available,54,1%,10,Mathematics,,,
vii.cheap,available,54,13%,3,Mathematics,,,
deuceace.cheap,available,54,2%,9,Sports,,,
quaternion.cheap,available,54,6%,10,Mathematics,,,
quaternity.cheap,available,54,4%,10,Mathematics,,,
quatern.cheap,available,54,2%,7,Mathematics,,,
twoscore.cheap,available,54,2%,8,Mathematics,,,
lxxxii.cheap,available,52,1%,6,Mathematics,,,
ixl.cheap,available,52,9%,3,Mathematics,,,
lxxiv.cheap,available,52,1%,5,Mathematics,,,
lxxvi.cheap,available,52,1%,5,Mathematics,,,
lxiii.cheap,available,52,2%,5,Mathematics,,,
xci.cheap,available,52,4%,3,Mathematics,,,
xcii.cheap,available,52,2%,4,Mathematics,,,
lxxv.cheap,available,52,1%,4,Mathematics,,,
lxvi.cheap,available,52,3%,4,Mathematics,,,
eightyone.cheap,available,52,3%,10,Mathematics,,,
xcvi.cheap,available,52,2%,4,Mathematics,,,
sixtytwo.cheap,available,52,3%,9,Mathematics,,,
lxvii.cheap,available,52,1%,5,Mathematics,,,
lxviii.cheap,available,52,1%,6,Mathematics,,,
lxxvii.cheap,available,52,2%,6,Mathematics,,,
xcvii.cheap,available,52,1%,5,Mathematics,,,
lxii.cheap,available,52,1%,4,Mathematics,,,
lxxxiv.cheap,available,52,1%,6,Mathematics,,,
ninetysix.cheap,available,52,4%,10,Mathematics,,,
lxiv.cheap,available,52,3%,4,Mathematics,,,
ninetyone.cheap,available,52,5%,10,Mathematics,,,
xciii.cheap,available,52,1%,5,Mathematics,,,
xciv.cheap,available,52,2%,4,Mathematics,,,
lxv.cheap,available,52,5%,3,Mathematics,,,
lxxii.cheap,available,52,1%,5,Mathematics,,,
sixtyfour.cheap,available,52,3%,10,Mathematics,,,
lxxxv.cheap,available,52,1%,5,Mathematics,,,
xcviii.cheap,available,52,1%,6,Mathematics,,,
sixtyfive.cheap,available,52,3%,10,Mathematics,,,
lxxiii.cheap,available,52,1%,6,Mathematics,,,
xcv.cheap,available,52,7%,3,Mathematics,,,
lxxxi.cheap,available,52,1%,5,Mathematics,,,
ninetytwo.cheap,available,52,4%,10,Mathematics,,,
lxxxvi.cheap,available,52,1%,6,Mathematics,,,
lxxxiii.cheap,available,52,1%,7,Mathematics,,,
lxxxvii.cheap,available,52,1%,7,Mathematics,,,
eightytwo.cheap,available,52,4%,10,Mathematics,,,
ixc.cheap,available,52,5%,3,Mathematics,,,
lxi.cheap,available,52,5%,3,Mathematics,,,
sixtysix.cheap,available,52,4%,9,Mathematics,,,
lxxi.cheap,available,52,1%,4,Mathematics,,,
cinque.cheap,available,50,7%,6,Mathematics,,,
ogdoad.cheap,available,50,1%,6,Mathematics,,,
triplet.cheap,available,50,8%,7,Science,,,
lxx.cheap,available,50,5%,3,Mathematics,,,
lxxxviii.cheap,available,48,1%,8,Mathematics,,,
quaternary.cheap,available,46,3%,10,Mathematics,,,